{
  "bbox_4326": {
    "north": 35.756869,
    "south": 35.686924,
    "east": -82.542,
    "west": -82.614098
  },
  "bbox_5070": {
    "xmin": 1195758.6,
    "ymin": 1488113.98,
    "xmax": 1203261.34,
    "ymax": 1496776.91
  },
  "area_sq_mi": 19.55,
  "area_ha": 5062.5,
  "grid_rows": 289,
  "grid_cols": 251,
  "resolution_m": 30,
  "crs_projected": "EPSG:5070",
  "crs_geographic": "EPSG:4326",
  "generated_at": "2026-04-22T14:31:15.825651+00:00"
}