{
  "bbox_4326": {
    "north": 35.766582,
    "south": 35.616048,
    "east": -83.084333,
    "west": -83.371293
  },
  "bbox_5070": {
    "xmin": 1128385.17,
    "ymin": 1470981.05,
    "xmax": 1156152.37,
    "ymax": 1491131.36
  },
  "area_sq_mi": 167.5,
  "area_ha": 43381.9,
  "grid_rows": 672,
  "grid_cols": 926,
  "resolution_m": 30,
  "crs_projected": "EPSG:5070",
  "crs_geographic": "EPSG:4326",
  "generated_at": "2026-04-03T20:12:01.325053+00:00"
}